Animal,Farm,StartLactation,EndLactation,MilkYield
CK0908516,BS099427,2018-01-09,2018-12-19,13445.364716949904
CK0829220,BS099427,2018-01-12,2018-12-12,7533.219764580366
CK0306907,BS099427,2018-01-27,2018-11-15,8847.291555118767
CK0533913,BS099427,2018-02-03,2019-01-18,0
CK0964352,BS099427,2018-02-22,2019-01-14,11175.537058105692
CK0762941,BS099427,2018-03-03,2019-01-17,9991.631921207842
CK0931612,BS099427,2018-03-09,2018-12-17,9386.89550085519
CK0109569,BS099427,2018-03-16,2019-01-12,11640.672994226792
CK0438771,BS099427,2018-03-21,2019-02-01,8964.296558336202
CK0291681,BS099427,2018-03-25,2019-03-02,9642.621031681534
CK0399700,BS099427,2018-03-29,2018-12-19,8119.984072944386
CK0382656,BS099427,2018-04-05,2019-02-21,16297.398626335114
CK0773940,BS099427,2018-04-15,2019-01-16,9920.538442434308
CK0205077,BS099427,2018-04-16,2019-02-20,9611.653910742858
CK0905543,BS099427,2018-04-22,2019-03-01,8619.710497969236
CK0705281,BS099427,2018-04-23,2019-03-17,8741.884174060462
CK0907689,BS099427,2018-05-18,2019-01-27,11648.56557918009
CK0954725,BS099427,2018-05-25,2019-05-08,10203.700222741158
CK0081256,BS099427,2018-05-27,2019-04-25,7303.812750908248
CK0678892,BS099427,2018-05-28,2019-04-08,8334.667141507674
CK0085461,BS099427,2018-06-02,2019-04-06,7565.2929192909005
CK0495035,BS099427,2018-06-07,2019-05-07,11448.893963680935
CK0961839,BS099427,2018-06-11,2019-04-02,8884.21318810751
CK0485119,BS099427,2018-06-19,2019-05-10,11658.885101948204
CK0955665,BS099427,2018-06-24,2019-05-01,8191.957644380803
CK0952894,BS099427,2018-07-05,2019-06-06,11185.747391979487
CK0939417,BS099427,2018-08-30,2019-07-23,10175.13055171854
CK0370830,BS099427,2018-09-23,2019-09-03,8790.89496801053
CK0050463,BS099427,2018-10-09,2019-08-27,7962.59743070886
CK0185735,BS099427,2018-10-19,2019-09-03,6357.458109955076
CK0675520,BS099427,2018-10-21,2019-09-15,13293.045778579966
CK0445989,BS099427,2018-10-28,2019-08-04,16454.16970978019
CK0326687,BS099427,2018-11-04,2019-09-14,14165.285012041992
CK0074686,BS099427,2018-11-09,2019-09-24,12006.18426043181
CK0224780,BS099427,2018-11-20,2019-09-27,7024.836678783906
CK0341857,BS099427,2018-11-27,2019-10-31,6424.810988729971
CK0367578,BS099427,2018-12-10,2019-10-11,9936.497762963685
CK0374188,BS099427,2018-12-21,2019-10-28,11369.242896609327
CK0095441,BS086466,2018-01-03,2018-10-31,13108.288900525295
CK0099815,BS086466,2018-01-24,2018-12-18,9400.852668080352
CK0482481,BS086466,2018-01-29,2018-12-28,9100.096062100894
CK0000597,BS086466,2018-02-06,2019-01-01,11051.414278783399
CK0647681,BS086466,2018-02-14,2019-01-14,6991.645337258206
CK0631383,BS086466,2018-02-16,2019-01-03,5326.221679809188
CK0685592,BS086466,2018-02-17,2019-02-08,8260.569299306206
CK0465837,BS086466,2018-03-03,2019-01-08,14774.653435475677
CK0860099,BS086466,2018-03-14,2019-02-07,0
CK0143625,BS086466,2018-03-26,2019-03-08,5653.163951278359
CK0017621,BS086466,2018-04-04,2019-03-11,10527.419405385697
CK0763145,BS086466,2018-04-04,2019-02-04,9428.244858209422
CK0257484,BS086466,2018-04-06,2019-02-24,11096.973298398032
CK0564575,BS086466,2018-04-07,2018-12-26,7580.972153286531
CK0361655,BS086466,2018-04-08,2019-02-28,9209.038108346982
CK0964400,BS086466,2018-04-15,2019-03-25,9573.896763851746
CK0926564,BS086466,2018-04-16,2019-01-22,12569.795015233714
CK0856036,BS086466,2018-04-17,2019-03-20,10981.578719389123
CK0507940,BS086466,2018-04-22,2019-02-26,10066.348659400219
CK0732733,BS086466,2018-04-22,2019-04-04,10443.037759837796
CK0599798,BS086466,2018-04-27,2019-02-18,14477.256323539124
CK0626779,BS086466,2018-04-29,2019-03-27,8594.735331502645
CK0613869,BS086466,2018-05-04,2019-03-13,10630.71001039047
CK0703642,BS086466,2018-05-06,2019-02-26,12194.364494549936
CK0549749,BS086466,2018-05-10,2019-04-12,10648.811174330076
CK0420328,BS086466,2018-05-11,2019-03-30,9447.686976838906
CK0719849,BS086466,2018-05-25,2019-04-13,18446.361218734593
CK0021747,BS086466,2018-06-07,2019-04-27,10290.84026637567
CK0707473,BS086466,2018-06-08,2019-05-08,8267.389164763277
CK0175583,BS086466,2018-06-14,2019-03-30,9913.86791864019
CK0990358,BS086466,2018-06-19,2019-05-29,9543.528265277955
CK0246187,BS086466,2018-07-05,2019-05-14,8561.487026678453
CK0872141,BS086466,2018-07-17,2019-05-23,12939.550882098463
CK0524568,BS086466,2018-07-19,2019-05-12,6995.272739099846
CK0684404,BS086466,2018-07-26,2019-06-05,10145.736292677979
CK0944349,BS086466,2018-07-29,2019-05-02,13096.804478240361
CK0413682,BS086466,2018-08-08,2019-07-14,12352.298309228125
CK0489693,BS086466,2018-08-15,2019-06-23,9085.912892554004
CK0030296,BS086466,2018-08-17,2019-06-08,10213.376151583674
CK0189210,BS086466,2018-09-02,2019-06-14,12824.79964424778
CK0881052,BS086466,2018-09-03,2019-09-02,9207.42073585337
CK0306912,BS086466,2018-09-23,2019-07-13,14296.279038249795
CK0634986,BS086466,2018-10-16,2019-08-17,9745.563604812369
CK0455787,BS086466,2018-10-20,2019-09-17,12193.759996739831
CK0000618,BS086466,2018-10-28,2019-09-28,14136.929195206234
CK0291245,BS086466,2018-10-30,2019-09-22,9829.122743446269
CK0134156,BS086466,2018-11-15,2019-10-08,10917.997710292604
CK0717660,BS086466,2018-11-15,2019-09-25,11747.069966995557
CK0546528,BS086466,2018-11-16,2019-09-13,11245.84182045532
CK0645638,BS086466,2018-12-06,2019-11-21,11473.633174879442
CK0641463,BS086466,2018-12-13,2019-11-08,11748.373280641941
CK0286213,BS086466,2018-12-17,2019-11-29,12125.600829625375
CK0861569,BS082640,2018-01-21,2019-01-08,9576.132015036532
CK0393134,BS082640,2018-01-22,2018-12-25,9052.757150518544
CK0422186,BS082640,2018-01-25,2019-01-03,10743.373327858393
CK0800530,BS082640,2018-03-02,2018-12-20,8378.92212907425
CK0941646,BS082640,2018-03-06,2019-01-18,11158.32588323838
CK0940355,BS082640,2018-03-10,2019-01-05,8664.438375108588
CK0280429,BS082640,2018-03-17,2019-01-16,6499.895403681438
CK0487055,BS082640,2018-03-18,2019-02-19,11983.485257079888
CK0581384,BS082640,2018-03-22,2019-02-27,10417.534308927054
CK0227561,BS082640,2018-03-29,2019-04-11,11723.699764505947
CK0962781,BS082640,2018-03-30,2019-03-25,8842.117368195502
CK0588247,BS082640,2018-03-31,2019-02-27,9447.189191135572
CK0755319,BS082640,2018-04-11,2019-01-06,13793.089580538031
CK0269366,BS082640,2018-04-16,2019-04-20,13730.055902255128
CK0159377,BS082640,2018-05-09,2019-05-20,6844.212550620277
CK0560219,BS082640,2018-06-01,2019-04-08,10809.444376050096
CK0422477,BS082640,2018-06-08,2019-04-30,9417.515428402665
CK0333774,BS082640,2018-06-08,2019-05-23,7379.508199772408
CK0359436,BS082640,2018-06-10,2019-04-16,10710.361098866411
CK0662570,BS082640,2018-06-27,2019-04-22,12395.606048600197
CK0297790,BS082640,2018-07-02,2019-05-18,11120.488812528592
CK0598454,BS082640,2018-07-06,2019-05-24,11451.571781663244
CK0639858,BS082640,2018-07-23,2019-06-24,10476.281180877251
CK0653101,BS082640,2018-07-24,2019-06-14,6563.513205804894
CK0456775,BS082640,2018-07-24,2019-05-19,11580.590629557928
CK0941914,BS082640,2018-07-27,2019-06-22,13546.386344656006
CK0402113,BS082640,2018-07-30,2019-06-26,7297.065426148378
CK0681053,BS082640,2018-08-01,2019-05-31,12834.977291703239
CK0029084,BS082640,2018-08-09,2019-06-02,13121.210860797315
CK0841777,BS082640,2018-08-15,2019-07-11,6039.359698351005
CK0814310,BS082640,2018-08-26,2019-08-24,12955.788203271935
CK0564592,BS082640,2018-08-28,2019-08-02,0
CK0797044,BS082640,2018-09-14,2019-08-13,9084.333565633677
CK0781551,BS082640,2018-10-05,2019-08-19,10364.226956178265
CK0158959,BS082640,2018-10-08,2019-09-08,10609.123239218927
CK0044320,BS082640,2018-10-12,2019-10-22,12341.651791979228
CK0173162,BS082640,2018-10-13,2019-08-27,10638.557667595242
CK0974313,BS082640,2018-10-17,2019-07-13,10653.87064557154
CK0221241,BS082640,2018-10-26,2019-08-13,7843.061403440811
CK0600090,BS082640,2018-10-29,2019-09-18,6596.201161567164
CK0029628,BS082640,2018-11-14,2019-09-25,11331.272305205795
CK0674463,BS082640,2018-11-22,2019-10-07,5514.730922145941
CK0606444,BS082640,2018-11-26,2019-10-27,9456.62562983629
CK0863422,BS082640,2018-12-12,2019-10-03,10749.555673759107
CK0409018,BS076067,2018-01-03,2018-12-04,10380.002315994863
CK0153367,BS076067,2018-01-06,2018-10-25,11897.384624074075
CK0752008,BS076067,2018-01-28,2018-12-03,9333.234241838809
CK0413658,BS076067,2018-02-09,2018-12-26,9274.325183316732
CK0785015,BS076067,2018-02-12,2019-01-12,12434.588147408982
CK0336232,BS076067,2018-02-25,2019-01-06,10775.921176896973
CK0699978,BS076067,2018-03-10,2019-02-13,8525.777214776022
CK0820035,BS076067,2018-03-19,2019-02-11,8178.119516190681
CK0843736,BS076067,2018-03-26,2019-02-13,9592.673783862218
CK0766751,BS076067,2018-04-06,2019-03-24,11847.561267734127
CK0100051,BS076067,2018-04-24,2019-02-22,13073.348971320196
CK0181316,BS076067,2018-05-01,2019-04-28,9050.368915525234
CK0182916,BS076067,2018-05-04,2019-04-09,9248.705895518886
CK0803707,BS076067,2018-05-10,2019-04-07,10260.935435181556
CK0202138,BS076067,2018-05-23,2019-04-16,7667.604590344695
CK0271157,BS076067,2018-05-29,2019-03-26,13087.312621550525
CK0117690,BS076067,2018-06-07,2019-04-06,8115.034674887924
CK0265920,BS076067,2018-06-18,2019-04-29,0
CK0957150,BS076067,2018-06-23,2019-05-09,9968.531829958532
CK0131779,BS076067,2018-06-27,2019-05-20,11785.332549314597
CK0599580,BS076067,2018-06-29,2019-05-08,10338.385374561043
CK0431750,BS076067,2018-07-12,2019-04-24,8416.320239677621
CK0000416,BS076067,2018-07-31,2019-06-22,0
CK0935625,BS076067,2018-08-01,2019-06-15,11344.45459120905
CK0844316,BS076067,2018-08-08,2019-06-02,0
CK0883923,BS076067,2018-08-08,2019-06-19,10971.190070229175
CK0566945,BS076067,2018-08-14,2019-07-27,7345.308999143202
CK0929335,BS076067,2018-08-21,2019-08-10,6517.570598517588
CK0098825,BS076067,2018-08-30,2019-07-01,10069.019296594828
CK0553507,BS076067,2018-09-10,2019-07-28,9886.94571196498
CK0902513,BS076067,2018-09-23,2019-07-21,9873.502242977087
CK0952005,BS076067,2018-09-29,2019-08-20,10169.064632510148
CK0303443,BS076067,2018-10-08,2019-08-26,13685.717103161893
CK0240044,BS076067,2018-10-15,2019-09-28,10684.183104803838
CK0295634,BS076067,2018-10-24,2019-08-08,11598.293852704439
CK0417346,BS076067,2018-10-25,2019-09-03,7941.437077186709
CK0261605,BS076067,2018-10-26,2019-10-11,12575.732874596784
CK0844399,BS076067,2018-12-07,2019-10-20,8577.243331757762
CK0864299,BS076067,2018-12-08,2019-10-30,12571.868551758056
CK0662436,BS076067,2018-12-24,2019-11-20,9274.875984125474
CK0859357,BS074499,2018-01-04,2018-11-06,12745.773368607779
CK0943466,BS074499,2018-01-09,2018-12-19,13999.013786289413
CK0908506,BS074499,2018-02-10,2018-12-24,8265.81892831274
CK0117832,BS074499,2018-02-24,2018-12-18,12834.313580261798
CK0544669,BS074499,2018-02-27,2019-01-29,6147.117768698527
CK0256953,BS074499,2018-03-29,2019-03-24,12692.593595700328
CK0722205,BS074499,2018-03-31,2019-01-30,13548.5080100615
CK0492137,BS074499,2018-04-03,2019-01-25,12865.742621011294
CK0926568,BS074499,2018-04-21,2019-01-31,12700.4927090032
CK0609145,BS074499,2018-04-24,2019-02-17,11423.399523998105
CK0635996,BS074499,2018-04-27,2019-04-05,8515.659412075825
CK0556402,BS074499,2018-05-21,2019-04-22,13070.60515521923
CK0224389,BS074499,2018-05-31,2019-04-26,10962.440718957861
CK0747765,BS074499,2018-06-05,2019-05-26,13684.304305057321
CK0952660,BS074499,2018-06-23,2019-05-29,11130.7064898141
CK0953728,BS074499,2018-07-04,2019-06-25,11384.863715211577
CK0206580,BS074499,2018-07-15,2019-05-24,16184.5615144536
CK0005646,BS074499,2018-07-26,2019-06-08,14854.50640754767
CK0291229,BS074499,2018-08-29,2019-07-24,13985.938726935849
CK0865459,BS074499,2018-09-21,2019-07-15,12570.008879300069
CK0086343,BS074499,2018-09-27,2019-09-02,8308.448224765212
CK0896779,BS074499,2018-10-03,2019-09-10,16674.0545491851
CK0201030,BS074499,2018-10-05,2019-08-05,12069.211457259915
CK0754697,BS074499,2018-11-09,2019-09-01,13968.19659183587
CK0727119,BS074499,2018-11-13,2019-08-28,11276.633436120366
CK0648583,BS074499,2018-11-30,2019-10-27,10134.185271976343
CK0484451,BS074499,2018-12-28,2019-11-04,8560.70848794829
CK0862002,BS071022,2018-01-04,2018-12-01,8983.139630221538
CK0385745,BS071022,2018-01-07,2018-11-27,12664.923789712913
CK0825776,BS071022,2018-01-09,2018-12-03,0
CK0774449,BS071022,2018-01-14,2018-11-30,7525.36937009475
CK0616996,BS071022,2018-01-19,2018-11-18,10509.488567431676
CK0067890,BS071022,2018-01-22,2018-12-16,7138.462218200328
CK0653859,BS071022,2018-02-04,2018-12-24,7097.999877856344
CK0897838,BS071022,2018-02-10,2018-12-29,9495.16936146136
CK0873274,BS071022,2018-04-05,2019-02-23,10629.485028900275
CK0152929,BS071022,2018-04-05,2019-01-21,0
CK0012460,BS071022,2018-04-16,2019-01-28,8993.318641287984
CK0099320,BS071022,2018-04-30,2019-03-22,13620.047877920284
CK0202955,BS071022,2018-05-08,2019-04-13,10701.147684077601
CK0423179,BS071022,2018-05-27,2019-03-21,9579.629767838238
CK0296791,BS071022,2018-05-29,2019-04-30,7180.0089199546
CK0521644,BS071022,2018-06-02,2019-04-12,12787.698016465403
CK0082939,BS071022,2018-06-25,2019-05-06,9503.891621455234
CK0643169,BS071022,2018-07-08,2019-05-09,12771.627810922422
CK0401245,BS071022,2018-07-18,2019-06-10,7394.697390519051
CK0033156,BS071022,2018-08-04,2019-06-25,12203.68527823952
CK0208440,BS071022,2018-08-16,2019-06-23,0
CK0316580,BS071022,2018-08-25,2019-08-22,7031.000991368981
CK0912849,BS071022,2018-09-03,2019-08-04,6863.874398435364
CK0191502,BS071022,2018-09-10,2019-07-22,11902.207228465672
CK0136281,BS071022,2018-09-30,2019-08-23,8559.165335341237
CK0445082,BS071022,2018-10-01,2019-09-05,10866.000037524856
CK0502781,BS071022,2018-10-07,2019-07-09,11671.022329454583
CK0040557,BS071022,2018-10-11,2019-09-05,10567.02541689782
CK0508482,BS071022,2018-10-12,2019-08-08,10231.478682307377
CK0189596,BS071022,2018-10-15,2019-09-03,10949.167813504917
CK0023060,BS071022,2018-10-19,2019-09-15,11253.919027644057
CK0305686,BS071022,2018-10-23,2019-09-13,11003.325223301044
CK0689692,BS071022,2018-11-01,2019-09-19,10332.850989769166
CK0366216,BS071022,2018-11-12,2019-09-03,5208.119383701724
CK0472097,BS071022,2018-11-28,2019-08-31,9932.319617450408
CK0147009,BS071022,2018-12-10,2019-11-06,12358.676457885449
CK0612958,BS071022,2018-12-29,2019-10-25,6413.2163557104905
CK0054805,BS067498,2018-01-13,2018-11-15,12394.446612673999
CK0055724,BS067498,2018-01-13,2018-12-08,14013.230329819646
CK0174734,BS067498,2018-02-15,2018-12-27,14439.039584673823
CK0089973,BS067498,2018-03-03,2019-01-15,8848.86108835593
CK0146325,BS067498,2018-03-05,2019-02-17,12583.070164411609
CK0342041,BS067498,2018-03-10,2019-01-21,8940.959789255538
CK0352143,BS067498,2018-03-25,2019-02-15,10632.721088961134
CK0284411,BS067498,2018-03-28,2019-03-15,9745.299354624936
CK0041148,BS067498,2018-04-06,2019-02-04,11043.723562698473
CK0300744,BS067498,2018-04-21,2019-02-25,8643.677784637666
CK0015599,BS067498,2018-04-26,2019-02-06,5539.695295382573
CK0024693,BS067498,2018-05-02,2019-02-28,8089.14822047352
CK0537159,BS067498,2018-05-02,2019-04-12,10028.37448144167
CK0254703,BS067498,2018-05-18,2019-04-15,11309.626851230469
CK0110867,BS067498,2018-05-27,2019-04-09,8613.140883696497
CK0589681,BS067498,2018-06-10,2019-04-12,9503.064441395181
CK0250810,BS067498,2018-06-14,2019-05-10,9595.923322697163
CK0800612,BS067498,2018-06-27,2019-05-17,12620.78051970592
CK0834783,BS067498,2018-07-07,2019-05-17,12718.271970905698
CK0535777,BS067498,2018-07-09,2019-05-26,6494.9982339767375
CK0132406,BS067498,2018-07-09,2019-05-04,11870.183707094267
CK0496743,BS067498,2018-07-10,2019-06-15,8793.073780898825
CK0975461,BS067498,2018-07-20,2019-06-17,11204.887236556642
CK0236466,BS067498,2018-08-04,2019-06-08,8392.491565830835
CK0262006,BS067498,2018-08-12,2019-07-18,9539.603340854093
CK0210729,BS067498,2018-08-29,2019-06-09,10374.108523185498
CK0356670,BS067498,2018-09-05,2019-08-18,12711.83362897462
CK0898698,BS067498,2018-09-08,2019-07-30,10080.928305074009
CK0508793,BS067498,2018-09-13,2019-08-09,13201.8192027226
CK0253548,BS067498,2018-09-14,2019-08-15,11557.882988664162
CK0089317,BS067498,2018-09-15,2019-06-10,0
CK0530121,BS067498,2018-09-18,2019-07-19,9093.468887516603
CK0284343,BS067498,2018-09-23,2019-07-22,10477.902234576763
CK0083510,BS067498,2018-11-04,2019-09-27,13224.622370213823
CK0405682,BS067498,2018-11-17,2019-09-21,10975.88371592591
CK0134273,BS063039,2018-01-15,2018-11-06,11879.286774893439
CK0705503,BS063039,2018-01-17,2018-10-29,11503.766376988076
CK0594400,BS063039,2018-01-26,2018-11-03,11588.807343194705
CK0302073,BS063039,2018-01-29,2018-12-13,15214.9225623214
CK0752089,BS063039,2018-02-12,2018-12-22,10808.961465444312
CK0438057,BS063039,2018-02-22,2018-11-14,6425.788012505538
CK0738449,BS063039,2018-02-23,2019-01-02,10937.16654202611
CK0268246,BS063039,2018-02-25,2019-01-24,8553.52079187249
CK0888702,BS063039,2018-02-28,2018-12-14,15125.714679528033
CK0667766,BS063039,2018-03-06,2019-01-05,8718.661457316459
CK0465846,BS063039,2018-03-07,2019-02-09,7897.029450495244
CK0114853,BS063039,2018-03-20,2019-03-17,9259.135693146143
CK0932120,BS063039,2018-03-23,2019-03-06,0
CK0864209,BS063039,2018-04-01,2019-03-22,9118.854960839355
CK0955318,BS063039,2018-04-04,2019-02-17,7084.676573228041
CK0860925,BS063039,2018-04-14,2019-01-26,8563.407070327545
CK0932362,BS063039,2018-04-16,2019-03-02,11501.5368757357
CK0523947,BS063039,2018-04-25,2019-03-12,10103.629256509255
CK0533110,BS063039,2018-05-28,2019-05-17,6900.434951752229
CK0493111,BS063039,2018-06-07,2019-05-02,11080.809470293656
CK0843666,BS063039,2018-06-14,2019-05-08,8571.039769964584
CK0535534,BS063039,2018-06-30,2019-04-21,10650.189274653956
CK0462490,BS063039,2018-07-16,2019-06-07,9781.333781854351
CK0902067,BS063039,2018-07-26,2019-06-05,12720.963422303754
CK0285189,BS063039,2018-08-01,2019-07-06,13799.88999705463
CK0456294,BS063039,2018-08-03,2019-07-09,9059.232381701222
CK0795123,BS063039,2018-08-04,2019-06-25,6521.218331042188
CK0207003,BS063039,2018-08-16,2019-08-06,13533.001915117547
CK0221093,BS063039,2018-09-05,2019-07-25,9040.79916473378
CK0492215,BS063039,2018-09-08,2019-08-09,9720.0679806928365
CK0265901,BS063039,2018-09-30,2019-07-23,8902.697720856651
CK0403511,BS063039,2018-10-06,2019-08-25,9916.690331642656
CK0656117,BS063039,2018-10-08,2019-07-01,5930.867350480345
CK0176117,BS063039,2018-10-23,2019-08-11,11998.10492998464
CK0257165,BS063039,2018-10-24,2019-09-01,14059.172708663362
CK0712001,BS063039,2018-11-03,2019-09-11,6880.191818688447
CK0570843,BS063039,2018-11-06,2019-09-21,0
CK0430121,BS063039,2018-11-06,2019-08-07,11124.307879636099
CK0977861,BS063039,2018-11-13,2019-08-29,10971.830563954267
CK0866149,BS063039,2018-11-14,2019-09-16,7339.012473634542
CK0738467,BS063039,2018-11-15,2019-10-19,10111.87435073924
CK0418873,BS063039,2018-11-17,2019-10-06,7910.9500672282275
CK0748873,BS063039,2018-12-08,2019-10-20,12862.240676636175
CK0032034,BS063039,2018-12-10,2019-11-24,8040.893009032423
CK0573780,BS061674,2018-01-15,2018-12-12,8029.130437900917
CK0246948,BS061674,2018-01-22,2018-12-11,12549.142381694086
CK0111815,BS061674,2018-01-22,2018-12-25,9722.346351562344
CK0062647,BS061674,2018-01-27,2019-01-10,7471.046022041459
CK0750054,BS061674,2018-02-03,2018-12-08,10710.376057831492
CK0378968,BS061674,2018-02-05,2019-01-15,9813.964010175741
CK0339982,BS061674,2018-02-11,2019-01-16,14688.292032677346
CK0250624,BS061674,2018-03-07,2019-01-20,9598.588510779537
CK0579095,BS061674,2018-03-10,2019-01-23,10113.517929153968
CK0686008,BS061674,2018-03-10,2019-02-05,12294.365608024409
CK0529992,BS061674,2018-03-12,2019-01-19,12133.913782730022
CK0029364,BS061674,2018-04-09,2019-02-24,11161.580221461576
CK0212462,BS061674,2018-04-18,2019-02-28,12784.844273613497
CK0568576,BS061674,2018-04-21,2019-03-26,11709.158362109793
CK0726839,BS061674,2018-04-27,2019-02-22,11138.291918813165
CK0942601,BS061674,2018-04-29,2019-03-24,12289.109845844261
CK0006550,BS061674,2018-05-02,2019-02-13,12591.224959532392
CK0638271,BS061674,2018-05-08,2019-03-21,11124.78340349395
CK0000347,BS061674,2018-06-05,2019-04-28,12057.484682725708
CK0593765,BS061674,2018-06-17,2019-05-17,11684.930086928885
CK0337875,BS061674,2018-06-20,2019-04-29,11703.46829318953
CK0840250,BS061674,2018-06-25,2019-05-27,8227.043389421235
CK0585977,BS061674,2018-06-27,2019-05-30,10388.90025047101
CK0541142,BS061674,2018-07-14,2019-05-24,11107.041025078137
CK0017617,BS061674,2018-07-23,2019-05-18,6434.971468868026
CK0439519,BS061674,2018-08-14,2019-06-25,11205.66408395662
CK0513804,BS061674,2018-08-16,2019-06-20,11496.189739645715
CK0056644,BS061674,2018-08-22,2019-07-04,8427.631662350845
CK0208902,BS061674,2018-08-24,2019-07-10,9600.202434839146
CK0672974,BS061674,2018-09-03,2019-07-24,10138.99786898279
CK0516060,BS061674,2018-09-20,2019-07-03,10981.89191154889
CK0078070,BS061674,2018-10-01,2019-08-31,13608.432194009945
CK0766139,BS061674,2018-10-04,2019-08-05,11795.99277361029
CK0377220,BS061674,2018-10-26,2019-09-30,13471.685902485591
CK0699295,BS061674,2018-10-26,2019-08-04,9108.46919807435
CK0750722,BS061674,2018-11-01,2019-09-07,10263.42858285254
CK0940781,BS061674,2018-11-02,2019-09-09,16445.448709126893
CK0814934,BS061674,2018-11-06,2019-09-12,7022.410918659645
CK0864843,BS061674,2018-11-16,2019-10-08,11647.14401071869
CK0280612,BS061674,2018-11-30,2019-09-13,9881.488343230027
CK0962233,BS061674,2018-12-17,2019-10-26,12365.368151315422
CK0807495,BS061674,2018-12-18,2019-11-09,10130.21508960989
CK0445811,BS061674,2018-12-23,2019-11-24,11543.918552155756
CK0369582,BS061674,2018-12-24,2019-11-13,6045.634091945914
CK0662539,BS061674,2018-12-26,2019-11-14,13357.105019848066
CK0531530,BS061674,2018-12-29,2019-12-31,12234.476282603133
CK0279592,BS053235,2018-01-04,2018-11-11,8532.983014715624
CK0783399,BS053235,2018-01-05,2018-12-22,9260.888145394798
CK0257651,BS053235,2018-01-12,2018-11-01,11897.850676198914
CK0744949,BS053235,2018-01-24,2018-11-28,8595.486246761815
CK0170144,BS053235,2018-01-27,2018-12-01,9885.254317030896
CK0025924,BS053235,2018-02-22,2019-01-19,10793.223815729027
CK0452033,BS053235,2018-02-26,2018-12-22,12652.629681564189
CK0988290,BS053235,2018-03-02,2019-01-22,7893.678345948767
CK0047122,BS053235,2018-03-06,2018-12-07,9504.394098136177
CK0273923,BS053235,2018-03-13,2019-01-18,0
CK0956373,BS053235,2018-03-15,2019-03-06,12546.268585981106
CK0028208,BS053235,2018-03-22,2019-01-19,12156.694278392568
CK0462989,BS053235,2018-03-24,2019-01-16,0
CK0877908,BS053235,2018-03-29,2019-02-17,10278.270338279783
CK0176332,BS053235,2018-04-01,2019-02-01,15889.488164048598
CK0981079,BS053235,2018-04-11,2019-01-06,10601.882347923176
CK0111387,BS053235,2018-04-18,2019-02-23,13098.861408008623
CK0596930,BS053235,2018-05-12,2019-03-26,11592.240340133274
CK0362641,BS053235,2018-05-18,2019-03-16,8555.48148306363
CK0723060,BS053235,2018-06-28,2019-05-12,7412.301721648604
CK0752547,BS053235,2018-07-21,2019-06-18,13061.441366173267
CK0688374,BS053235,2018-07-21,2019-06-28,11343.51849865654
CK0225451,BS053235,2018-07-25,2019-05-28,9864.31962284792
CK0495670,BS053235,2018-08-09,2019-07-28,8991.3190062394915
CK0107088,BS053235,2018-08-11,2019-07-22,13173.097984279126
CK0211219,BS053235,2018-08-12,2019-06-27,13879.019328076934
CK0128050,BS053235,2018-08-18,2019-07-02,9091.263264289675
CK0998913,BS053235,2018-09-01,2019-07-12,8417.032352664826
CK0282648,BS053235,2018-09-08,2019-07-17,10647.01087065619
CK0604776,BS053235,2018-09-14,2019-08-21,10999.841299826077
CK0880022,BS053235,2018-09-28,2019-08-19,10501.746576621952
CK0525676,BS053235,2018-10-05,2019-08-27,10798.846511345664
CK0051193,BS053235,2018-10-15,2019-08-24,6898.890795106481
CK0511098,BS053235,2018-10-17,2019-09-17,13159.342426956704
CK0919615,BS053235,2018-10-19,2019-08-26,10614.800216106843
CK0503671,BS053235,2018-10-20,2019-08-22,10816.422387365916
CK0834330,BS053235,2018-10-21,2019-08-27,10251.421897031081
CK0390684,BS053235,2018-10-24,2019-08-29,6251.532546316383
CK0177294,BS053235,2018-11-05,2019-09-05,8848.979480595772
CK0034052,BS053235,2018-11-08,2019-09-08,11814.011823268469
CK0716185,BS053235,2018-11-15,2019-08-24,0
CK0232064,BS053235,2018-11-18,2019-09-28,15074.28640733202
CK0783903,BS053235,2018-11-25,2019-10-17,6585.495109294051
CK0094307,BS053235,2018-11-27,2019-10-21,11509.702075553301
CK0502465,BS053235,2018-11-28,2019-10-29,13198.16632234408
CK0447957,BS050945,2018-01-22,2018-11-26,5339.9940822027575
CK0893491,BS050945,2018-02-03,2018-12-04,9789.10933419027
CK0812672,BS050945,2018-02-19,2019-01-27,10335.816074678585
CK0977123,BS050945,2018-02-20,2018-12-24,9920.997793098504
CK0185060,BS050945,2018-03-07,2019-02-08,11305.69049024471
CK0272450,BS050945,2018-03-07,2019-02-24,11188.313735560865
CK0345114,BS050945,2018-03-09,2019-02-09,6147.89031089977
CK0847114,BS050945,2018-03-11,2019-01-25,10376.509653081197
CK0298820,BS050945,2018-04-14,2019-02-23,8159.434671431799
CK0744509,BS050945,2018-04-24,2019-02-27,8344.342065131237
CK0397548,BS050945,2018-04-26,2019-02-09,7882.497518340639
CK0577351,BS050945,2018-05-12,2019-04-04,5647.345666867783
CK0431352,BS050945,2018-05-24,2019-03-19,14253.967963526557
CK0457375,BS050945,2018-06-03,2019-05-04,13408.921693204938
CK0733520,BS050945,2018-06-22,2019-05-13,10309.944879350427
CK0754481,BS050945,2018-06-24,2019-04-28,13237.77673939854
CK0213141,BS050945,2018-06-25,2019-05-22,11221.379244251915
CK0941633,BS050945,2018-07-13,2019-06-07,11007.125918093807
CK0455545,BS050945,2018-07-27,2019-06-08,8111.162880018654
CK0305567,BS050945,2018-07-31,2019-06-08,9111.518456123886
CK0056477,BS050945,2018-08-01,2019-07-10,7588.2945764941
CK0700291,BS050945,2018-08-01,2019-07-13,7088.63217775938
CK0891204,BS050945,2018-08-02,2019-05-30,14885.674046575416
CK0713607,BS050945,2018-08-26,2019-06-28,8177.83757211635
CK0780860,BS050945,2018-08-28,2019-07-26,12535.474350508284
CK0948345,BS050945,2018-08-30,2019-07-07,11153.64519873044
CK0635429,BS050945,2018-09-11,2019-07-13,11760.850973865101
CK0578953,BS050945,2018-09-22,2019-09-06,12399.398615100112
CK0618750,BS050945,2018-09-27,2019-08-07,12647.907835551912
CK0554382,BS050945,2018-10-09,2019-08-12,12508.438428096408
CK0931849,BS050945,2018-10-12,2019-09-05,10526.041729938008
CK0524216,BS050945,2018-10-17,2019-07-26,12065.53915493536
CK0906167,BS050945,2018-10-21,2019-08-26,7157.307826227627
CK0172285,BS050945,2018-11-18,2019-09-17,11734.911947480394
CK0354241,BS050945,2018-11-21,2019-10-24,12632.432608509118
CK0492607,BS050945,2018-12-02,2019-10-20,11478.48396023755
CK0063606,BS050945,2018-12-08,2019-11-29,8216.97059726466
CK0872123,BS050945,2018-12-10,2019-11-09,10329.312025765772
CK0779452,BS050945,2018-12-12,2019-11-12,9302.014928586457
CK0060476,BS050945,2018-12-26,2019-11-05,9217.287813000976
CK0447002,BS049709,2018-01-14,2018-11-14,9048.036802891422
CK0495914,BS049709,2018-01-19,2018-12-08,13475.81592998652
CK0228323,BS049709,2018-02-10,2018-12-20,11925.337204907486
CK0218928,BS049709,2018-02-22,2019-02-02,6682.97271984574
CK0125518,BS049709,2018-03-02,2019-01-23,0
CK0098514,BS049709,2018-03-03,2019-01-10,7044.954895439319
CK0136112,BS049709,2018-03-13,2019-02-11,10659.751205012046
CK0469271,BS049709,2018-05-05,2019-02-14,9743.44952330882
CK0502215,BS049709,2018-05-16,2019-03-11,11048.594004594606
CK0399599,BS049709,2018-05-17,2019-05-05,12216.628181405373
CK0914024,BS049709,2018-05-23,2019-04-20,7213.995183410258
CK0571274,BS049709,2018-05-30,2019-03-30,10835.039317512856
CK0046801,BS049709,2018-06-05,2019-04-24,9654.090452291144
CK0923098,BS049709,2018-06-16,2019-06-02,11121.39313332262
CK0968915,BS049709,2018-06-24,2019-06-02,13001.937876029418
CK0566271,BS049709,2018-06-25,2019-05-14,14999.809521337473
CK0150042,BS049709,2018-07-09,2019-05-15,6868.053468412474
CK0296442,BS049709,2018-07-11,2019-05-25,9949.934854545982
CK0706640,BS049709,2018-07-22,2019-06-23,7319.361932122642
CK0931045,BS049709,2018-07-24,2019-06-05,10838.736031520542
CK0350113,BS049709,2018-07-24,2019-06-20,16175.35683814139
CK0758365,BS049709,2018-07-31,2019-07-04,14625.103753135652
CK0197973,BS049709,2018-08-15,2019-06-19,11607.172396197575
CK0993452,BS049709,2018-08-28,2019-08-01,6481.892806631124
CK0009092,BS049709,2018-09-05,2019-07-18,12846.85546699363
CK0047571,BS049709,2018-09-09,2019-05-12,13320.176771052827
CK0050185,BS049709,2018-09-16,2019-08-21,7331.171894551091
CK0512965,BS049709,2018-09-23,2019-07-23,9366.646907978004
CK0365885,BS049709,2018-09-29,2019-08-27,13705.041423574394
CK0046581,BS049709,2018-10-20,2019-09-01,15661.735473739906
CK0344945,BS049709,2018-10-27,2019-10-15,12090.359267657577
CK0945336,BS049709,2018-10-30,2019-09-12,13761.547683173352
CK0974343,BS049709,2018-11-11,2019-09-13,11387.896904929918
CK0831107,BS049709,2018-11-21,2019-11-22,11445.057957897505
CK0977671,BS049709,2018-12-02,2019-09-24,14168.9994756476
CK0809378,BS049709,2018-12-12,2019-11-07,10751.176942792245
CK0866879,BS049709,2018-12-30,2019-11-26,13494.439158509169
CK0301959,BS038124,2018-01-09,2018-10-24,13169.049015209614
CK0234232,BS038124,2018-01-17,2018-12-31,7913.895593027257
CK0318891,BS038124,2018-01-19,2018-12-22,10102.685705845524
CK0430955,BS038124,2018-02-08,2018-11-21,13872.416732546873
CK0734716,BS038124,2018-02-11,2018-12-08,8277.892936523056
CK0207966,BS038124,2018-03-13,2019-02-18,7970.817603110621
CK0291228,BS038124,2018-04-04,2019-02-01,12145.43245824071
CK0399777,BS038124,2018-04-15,2019-03-06,12967.730035832123
CK0262083,BS038124,2018-04-16,2019-03-03,5971.165639946087
CK0846296,BS038124,2018-05-01,2019-04-01,11545.383896497213
CK0607894,BS038124,2018-05-06,2019-03-29,10011.779817564438
CK0251835,BS038124,2018-05-21,2019-04-24,9909.013761402817
CK0252193,BS038124,2018-05-25,2019-04-25,11030.201497949945
CK0186205,BS038124,2018-06-06,2019-03-26,6183.156139215863
CK0293672,BS038124,2018-06-20,2019-05-13,9711.453791224936
CK0643036,BS038124,2018-06-26,2019-06-14,12284.913318897015
CK0604069,BS038124,2018-06-26,2019-05-24,13494.942971095177
CK0241057,BS038124,2018-08-06,2019-05-13,8319.124501187995
CK0945329,BS038124,2018-08-20,2019-07-25,7709.177517112546
CK0705590,BS038124,2018-08-29,2019-08-07,10172.325046801614
CK0297918,BS038124,2018-09-02,2019-08-10,11498.236364731576
CK0397560,BS038124,2018-09-12,2019-07-25,12754.784289163013
CK0874274,BS038124,2018-09-23,2019-08-11,6100.841252009561
CK0768423,BS038124,2018-09-30,2019-08-10,9841.381885400953
CK0514357,BS038124,2018-10-05,2019-08-26,10098.30385103082
CK0013144,BS038124,2018-10-16,2019-09-17,10250.356979758693
CK0049510,BS038124,2018-11-03,2019-09-20,12419.949746488905
CK0745251,BS038124,2018-12-07,2019-10-20,7141.33971859421
CK0047537,BS038124,2018-12-18,2019-10-06,8760.142505546273
CK0575434,BS038124,2018-12-20,2019-11-11,8913.243164121037
CK0307685,BS030678,2018-01-09,2018-11-27,10029.332833383201
CK0507201,BS030678,2018-01-29,2019-01-02,11530.091150605012
CK0669003,BS030678,2018-02-13,2018-12-14,8808.739503977882
CK0522994,BS030678,2018-02-27,2018-12-26,0
CK0082480,BS030678,2018-03-03,2019-01-26,7716.610872660282
CK0289784,BS030678,2018-03-30,2019-01-13,5969.882063595847
CK0828315,BS030678,2018-03-30,2019-02-24,8714.071393095765
CK0091954,BS030678,2018-04-18,2019-02-19,5006.542698167386
CK0420332,BS030678,2018-04-22,2019-03-08,0
CK0560413,BS030678,2018-04-24,2019-02-26,10399.934614669808
CK0622239,BS030678,2018-04-29,2019-03-20,8479.98389366465
CK0827799,BS030678,2018-04-30,2019-03-28,12129.495596373677
CK0966434,BS030678,2018-05-07,2019-04-04,5959.385385022641
CK0552917,BS030678,2018-05-08,2019-02-27,15352.28672386994
CK0592408,BS030678,2018-05-08,2019-03-08,13706.757517603543
CK0991700,BS030678,2018-05-10,2019-03-11,5704.175372958773
CK0796927,BS030678,2018-05-11,2019-04-14,11470.396553248398
CK0619903,BS030678,2018-05-27,2019-04-24,5762.793156116726
CK0901031,BS030678,2018-05-31,2019-04-28,8073.95709046888
CK0508038,BS030678,2018-06-03,2019-04-13,5543.0298618510415
CK0961061,BS030678,2018-06-03,2019-04-03,6979.245816411402
CK0908178,BS030678,2018-06-19,2019-04-17,0
CK0254751,BS030678,2018-06-21,2019-05-19,10181.691358241595
CK0598353,BS030678,2018-06-23,2019-05-13,7583.0289635584495
CK0423702,BS030678,2018-06-23,2019-05-12,5543.386430034777
CK0715037,BS030678,2018-07-03,2019-05-22,6253.500292599623
CK0954740,BS030678,2018-07-04,2019-05-07,12123.71048838563
CK0422227,BS030678,2018-07-11,2019-05-15,0
CK0861319,BS030678,2018-07-18,2019-07-02,9386.736742741065
CK0731088,BS030678,2018-07-25,2019-07-29,8299.490242812268
CK0990449,BS030678,2018-08-03,2019-06-15,13387.663002821824
CK0824014,BS030678,2018-08-06,2019-06-23,9787.303090766407
CK0928768,BS030678,2018-08-12,2019-06-27,9138.262431749488
CK0735520,BS030678,2018-08-12,2019-06-20,14606.906978096864
CK0701207,BS030678,2018-08-22,2019-08-05,13036.737794654255
CK0355668,BS030678,2018-08-28,2019-08-01,0
CK0380712,BS030678,2018-09-03,2019-08-01,8900.868684489653
CK0561262,BS030678,2018-09-04,2019-07-15,8291.743652285157
CK0772067,BS030678,2018-09-06,2019-07-13,7512.079969036402
CK0879351,BS030678,2018-09-12,2019-08-18,8596.185861785505
CK0906516,BS030678,2018-09-28,2019-08-09,11272.024037312147
CK0243828,BS030678,2018-10-23,2019-08-26,8324.959802622609
CK0413736,BS030678,2018-10-28,2019-10-13,7604.720990529226
CK0080234,BS030678,2018-11-10,2019-09-12,6237.845530989276
CK0148231,BS030678,2018-11-24,2019-10-27,14360.95951246045
CK0859270,BS030678,2018-12-04,2019-11-02,8341.385761277354
CK0280931,BS019559,2018-01-02,2018-10-27,7192.237698595387
CK0729479,BS019559,2018-01-16,2018-11-24,0
CK0271686,BS019559,2018-01-19,2019-01-03,0
CK0329036,BS019559,2018-01-31,2018-12-09,6238.69321529487
CK0887393,BS019559,2018-02-06,2019-02-07,8755.67144908642
CK0167876,BS019559,2018-02-22,2019-01-07,10069.389372715026
CK0306576,BS019559,2018-03-13,2019-01-28,6233.0393086426875
CK0135826,BS019559,2018-03-20,2019-02-27,7528.504644968325
CK0136153,BS019559,2018-03-31,2019-03-19,5194.44442336662
CK0848868,BS019559,2018-04-25,2019-03-04,11845.909821122174
CK0831853,BS019559,2018-05-08,2019-03-20,0
CK0201680,BS019559,2018-05-17,2019-03-24,6501.57299314038
CK0761196,BS019559,2018-05-19,2019-03-09,9341.065177755012
CK0125867,BS019559,2018-05-28,2019-05-05,9849.513506359963
CK0296031,BS019559,2018-05-30,2019-04-03,7449.92215719381
CK0418210,BS019559,2018-05-30,2019-04-02,7954.910515060135
CK0615198,BS019559,2018-06-06,2019-04-04,10257.444236486406
CK0847834,BS019559,2018-06-09,2019-05-05,6686.759233001481
CK0525431,BS019559,2018-06-19,2019-05-06,7688.500005333528
CK0006404,BS019559,2018-06-22,2019-05-26,7752.832200715494
CK0648588,BS019559,2018-06-27,2019-05-30,6700.678120335181
CK0239254,BS019559,2018-07-02,2019-05-21,11951.460380907694
CK0371632,BS019559,2018-07-20,2019-06-05,8775.993455198848
CK0980660,BS019559,2018-07-24,2019-05-24,6591.226258803201
CK0268857,BS019559,2018-08-03,2019-07-07,11336.270009732822
CK0499408,BS019559,2018-08-04,2019-06-29,10634.53420331714
CK0995509,BS019559,2018-08-05,2019-07-16,9837.451034971811
CK0223513,BS019559,2018-08-13,2019-06-28,8202.184232239772
CK0819996,BS019559,2018-10-10,2019-08-14,7237.6952823009015
CK0342615,BS019559,2018-11-06,2019-09-10,6605.9877218035945
CK0071075,BS019559,2018-11-26,2019-10-27,8968.820558793243
CK0159471,BS019559,2018-11-27,2019-10-19,7475.7680234463505
CK0188129,BS019559,2018-12-15,2019-11-02,9437.399243702777
CK0695857,BS019559,2018-12-25,2019-11-10,5972.977989138781
CK0439422,BS019559,2018-12-31,2019-10-25,10222.92498766501
CK0410541,BS016781,2018-01-03,2018-11-29,12366.785636693408
CK0110981,BS016781,2018-02-02,2018-12-01,14123.935660477797
CK0847106,BS016781,2018-02-19,2019-02-08,11064.080666574284
CK0201435,BS016781,2018-02-19,2019-01-27,13585.129044193705
CK0418277,BS016781,2018-02-23,2018-11-25,14087.058024508058
CK0909501,BS016781,2018-03-09,2019-02-17,12468.486153266924
CK0137895,BS016781,2018-03-20,2019-02-23,14813.487622612816
CK0990644,BS016781,2018-03-30,2019-01-23,17112.728533443566
CK0703985,BS016781,2018-04-19,2019-04-16,10179.33402757712
CK0236724,BS016781,2018-04-28,2019-04-12,9286.155244717376
CK0114376,BS016781,2018-05-01,2019-04-05,14224.829307440383
CK0001873,BS016781,2018-05-04,2019-04-06,14612.295705183335
CK0384498,BS016781,2018-05-04,2019-04-02,16263.493311130653
CK0194315,BS016781,2018-05-09,2019-03-10,13354.77530511776
CK0655810,BS016781,2018-05-27,2019-04-27,12075.67490907235
CK0589416,BS016781,2018-06-08,2019-05-10,17079.95722195247
CK0524077,BS016781,2018-06-27,2019-05-14,16723.310458141757
CK0345892,BS016781,2018-08-10,2019-06-30,16040.755538225436
CK0042519,BS016781,2018-08-15,2019-05-19,12121.628732234352
CK0780497,BS016781,2018-09-02,2019-08-24,11139.966971848546
CK0943643,BS016781,2018-09-15,2019-07-17,11029.929717962066
CK0471862,BS016781,2018-09-24,2019-07-21,20578.224199823024
CK0566411,BS016781,2018-10-09,2019-08-25,14939.917116308074
CK0892967,BS016781,2018-10-10,2019-09-10,15228.7735472075
CK0191070,BS016781,2018-10-23,2019-07-29,11765.06165673688
CK0773309,BS016781,2018-10-25,2019-09-23,13648.724260814235
CK0588311,BS016781,2018-11-07,2019-10-01,15547.249002095617
CK0097881,BS016781,2018-11-29,2019-10-14,12853.483685503092
CK0038909,BS016781,2018-12-21,2019-11-13,18587.94574722391
CK0047629,BS016781,2018-12-25,2019-11-23,13177.21220651707
CK0710929,BS016765,2018-01-16,2018-12-11,11841.012336094627
CK0553645,BS016765,2018-02-16,2018-12-15,14497.541702227263
CK0628296,BS016765,2018-02-25,2019-01-14,8635.299103359788
CK0436524,BS016765,2018-03-29,2019-01-09,0
CK0468860,BS016765,2018-04-10,2019-02-16,6947.461926859102
CK0856561,BS016765,2018-04-21,2019-03-04,12610.297040764677
CK0456118,BS016765,2018-06-01,2019-04-28,9515.196635096916
CK0144502,BS016765,2018-06-06,2019-04-09,10868.088512380264
CK0493172,BS016765,2018-06-07,2019-04-04,11302.490106505998
CK0297468,BS016765,2018-06-17,2019-05-12,14062.200980195266
CK0905348,BS016765,2018-07-03,2019-06-05,11092.640371410367
CK0616861,BS016765,2018-07-20,2019-06-30,9096.663737072071
CK0767750,BS016765,2018-08-08,2019-06-04,12782.054603453937
CK0333339,BS016765,2018-08-28,2019-07-30,12151.804504855623
CK0013515,BS016765,2018-09-03,2019-07-27,13385.365552060895
CK0682366,BS016765,2018-09-08,2019-07-15,12519.3883255837
CK0871324,BS016765,2018-09-11,2019-07-02,15928.183450483957
CK0527241,BS016765,2018-09-13,2019-09-12,15380.958916726942
CK0969561,BS016765,2018-10-22,2019-08-14,0
CK0720887,BS016765,2018-10-25,2019-09-21,7827.620508313399
CK0240812,BS016765,2018-11-10,2019-09-03,5541.628001070836
CK0942217,BS016765,2018-11-20,2019-10-11,0
CK0598713,BS016765,2018-11-27,2019-11-04,11597.581878634854
CK0347520,BS016765,2018-12-02,2019-09-20,8734.790968334288
CK0246637,BS016765,2018-12-07,2019-11-05,5598.921252331282
CK0152736,BS015521,2018-01-24,2018-12-13,10738.922040178222
CK0260340,BS015521,2018-01-28,2018-12-24,0
CK0651181,BS015521,2018-02-16,2018-12-10,13548.271086926137
CK0028130,BS015521,2018-02-18,2019-01-20,10268.46183550188
CK0721445,BS015521,2018-02-22,2018-12-13,11598.002030792974
CK0820426,BS015521,2018-03-18,2018-12-28,11034.067233191387
CK0137659,BS015521,2018-03-29,2019-01-22,11651.457714900254
CK0873353,BS015521,2018-04-09,2019-02-03,7427.827247480574
CK0343207,BS015521,2018-04-09,2019-01-15,10389.078093169535
CK0226464,BS015521,2018-04-30,2019-03-10,12458.087386940244
CK0495531,BS015521,2018-06-10,2019-05-18,6147.087483492445
CK0698574,BS015521,2018-06-17,2019-04-28,8766.257888113103
CK0978216,BS015521,2018-06-26,2019-05-02,6654.262123591524
CK0418424,BS015521,2018-07-20,2019-06-26,9926.038642144946
CK0116512,BS015521,2018-07-22,2019-05-18,10896.678886034952
CK0779335,BS015521,2018-07-27,2019-06-14,14935.22840918518
CK0996909,BS015521,2018-08-02,2019-07-11,7264.350195761777
CK0803499,BS015521,2018-08-05,2019-06-30,10141.47351452757
CK0673074,BS015521,2018-08-09,2019-07-28,12633.779289642996
CK0706614,BS015521,2018-08-10,2019-07-17,10895.707216591158
CK0386984,BS015521,2018-08-19,2019-07-15,9737.13723528494
CK0161650,BS015521,2018-08-30,2019-07-24,11433.310941808391
CK0934054,BS015521,2018-09-07,2019-07-22,6579.226985741014
CK0192086,BS015521,2018-09-11,2019-07-15,12509.823956748894
CK0884046,BS015521,2018-09-12,2019-06-25,11427.087591395943
CK0219389,BS015521,2018-09-14,2019-06-15,10610.956470705278
CK0909748,BS015521,2018-09-18,2019-08-11,9618.550751667435
CK0641860,BS015521,2018-10-01,2019-08-15,6844.521092800041
CK0412265,BS015521,2018-10-02,2019-08-19,10363.80654431722
CK0055378,BS015521,2018-10-08,2019-08-18,6879.8799827192615
CK0280222,BS015521,2018-10-12,2019-09-04,10023.859860104934
CK0319965,BS015521,2018-10-22,2019-09-14,12624.36229082846
CK0491699,BS015521,2018-11-21,2019-10-07,9847.723097465327
CK0329855,BS015521,2018-12-13,2019-11-13,13382.422971583946
CK0553527,BS014403,2018-01-17,2018-12-25,11509.600061212082
CK0240133,BS014403,2018-01-29,2018-12-30,11466.441326704446
CK0325355,BS014403,2018-02-01,2018-12-30,7613.825330591131
CK0937208,BS014403,2018-02-02,2018-11-28,9996.244701497759
CK0803876,BS014403,2018-02-15,2018-12-10,11569.48895397343
CK0872430,BS014403,2018-02-16,2018-12-29,12389.701178556652
CK0275636,BS014403,2018-02-27,2019-01-20,8311.810813599965
CK0678917,BS014403,2018-03-01,2019-01-08,10108.07728530019
CK0096645,BS014403,2018-03-03,2019-02-14,13300.487021606035
CK0655972,BS014403,2018-03-18,2019-01-21,11945.762159323189
CK0683444,BS014403,2018-03-30,2019-02-26,9905.830867227673
CK0958716,BS014403,2018-04-05,2019-03-05,13262.689963630293
CK0227068,BS014403,2018-04-13,2019-02-16,12429.25754330023
CK0875709,BS014403,2018-04-15,2019-02-22,9064.005845755277
CK0798223,BS014403,2018-04-20,2019-03-23,13205.080065866077
CK0438765,BS014403,2018-04-28,2019-03-02,12517.642212625822
CK0282816,BS014403,2018-04-28,2019-04-13,9752.986157828767
CK0033394,BS014403,2018-04-30,2019-03-23,13201.816758422876
CK0497965,BS014403,2018-05-01,2019-02-19,13146.568048525234
CK0673087,BS014403,2018-05-24,2019-04-14,13959.166936964397
CK0634473,BS014403,2018-05-29,2019-04-11,10804.232388892848
CK0951006,BS014403,2018-06-10,2019-05-20,10883.987005276103
CK0783938,BS014403,2018-07-06,2019-05-07,12147.850162629555
CK0855447,BS014403,2018-07-24,2019-06-22,10098.490566634071
CK0387137,BS014403,2018-08-11,2019-06-22,15213.212431065023
CK0998848,BS014403,2018-08-19,2019-06-29,11521.630238797039
CK0931183,BS014403,2018-08-21,2019-06-19,12421.771206865855
CK0122587,BS014403,2018-09-12,2019-07-21,14082.497671488305
CK0053570,BS014403,2018-09-29,2019-08-02,11630.814574956757
CK0840669,BS014403,2018-10-10,2019-08-09,8560.627929459197
CK0573369,BS014403,2018-10-11,2019-09-29,11506.5049044473
CK0013208,BS014403,2018-10-17,2019-10-01,10466.460909417474
CK0079060,BS014403,2018-10-18,2019-08-28,12563.190029017956
CK0386561,BS014403,2018-10-22,2019-08-20,11489.728759047139
CK0553608,BS014403,2018-11-14,2019-09-07,13035.284095551397
CK0094595,BS014403,2018-11-23,2019-09-22,12375.860914705094
CK0065183,BS014403,2018-12-04,2019-09-28,14266.468815976797
CK0263966,BS014403,2018-12-20,2019-11-15,12179.114128268133
CK0957901,BS010254,2018-01-09,2018-11-24,13210.28392372603
CK0488442,BS010254,2018-01-13,2018-11-09,10090.513959376407
CK0644454,BS010254,2018-01-16,2018-12-10,8509.65275385413
CK0302701,BS010254,2018-02-11,2018-12-16,12166.07207725419
CK0116966,BS010254,2018-02-17,2019-01-25,10792.753915801812
CK0034458,BS010254,2018-03-02,2019-01-01,9275.384008985187
CK0716088,BS010254,2018-03-05,2019-01-16,14227.469361788637
CK0515147,BS010254,2018-03-06,2019-01-27,8971.783616941953
CK0758525,BS010254,2018-03-25,2019-02-24,13864.591769985293
CK0369237,BS010254,2018-04-23,2019-01-21,8763.389071240568
CK0086068,BS010254,2018-04-24,2019-03-24,9793.438157602828
CK0115630,BS010254,2018-05-02,2019-03-04,12500.302534919489
CK0591311,BS010254,2018-05-09,2019-03-25,6287.760612739197
CK0763010,BS010254,2018-05-24,2019-03-30,10507.310017336898
CK0001615,BS010254,2018-05-30,2019-05-08,11682.65065764282
CK0160270,BS010254,2018-06-10,2019-04-30,5433.94307623655
CK0945184,BS010254,2018-06-12,2019-04-27,10924.616326455303
CK0568196,BS010254,2018-06-21,2019-04-25,7439.87138179254
CK0406562,BS010254,2018-07-12,2019-05-17,8807.464432647042
CK0407226,BS010254,2018-09-07,2019-07-26,13550.380896265553
CK0966463,BS010254,2018-09-29,2019-09-30,13333.775613182266
CK0197912,BS010254,2018-10-06,2019-08-15,10940.307446551866
CK0208080,BS010254,2018-10-09,2019-08-24,10414.859144568096
CK0682884,BS010254,2018-11-06,2019-09-05,12461.253528943325
CK0953059,BS010254,2018-11-27,2019-10-01,10449.681933336704
CK0216409,BS010254,2018-11-29,2019-10-11,14898.207418978056
CK0165624,BS010254,2018-12-17,2019-11-26,14607.751281563373
CK0713465,BS010254,2018-12-30,2019-11-22,11678.093272768097
CK0116435,BS010254,2018-12-31,2019-11-11,12324.763554916417
CK0868328,BS009625,2018-01-09,2018-12-08,15040.488879824732
CK0296885,BS009625,2018-01-22,2018-11-04,13347.880480263695
CK0857427,BS009625,2018-01-27,2018-12-08,12708.235521663872
CK0744466,BS009625,2018-01-31,2018-12-13,11815.010291195194
CK0869016,BS009625,2018-02-11,2019-02-21,15269.738385553661
CK0951600,BS009625,2018-02-15,2019-01-11,11206.889589179696
CK0116353,BS009625,2018-02-18,2018-12-15,14461.167498140556
CK0516706,BS009625,2018-02-21,2019-01-28,14442.358716199413
CK0420210,BS009625,2018-03-07,2018-12-31,10331.92639493999
CK0283684,BS009625,2018-03-14,2019-02-25,12625.694631228525
CK0681240,BS009625,2018-03-28,2019-01-26,13401.48390965399
CK0945747,BS009625,2018-04-05,2019-01-29,10796.085979632557
CK0943599,BS009625,2018-04-14,2019-02-28,10299.736489047173
CK0233916,BS009625,2018-04-15,2019-02-09,16402.557153773927
CK0279403,BS009625,2018-05-01,2019-03-19,11971.550016993006
CK0690320,BS009625,2018-05-06,2019-04-04,14445.36045479462
CK0481874,BS009625,2018-05-13,2019-02-23,14146.91415913928
CK0942494,BS009625,2018-05-19,2019-03-26,14446.669394856805
CK0066672,BS009625,2018-06-12,2019-05-27,12221.929219829104
CK0523663,BS009625,2018-06-23,2019-05-02,14665.11264538998
CK0685745,BS009625,2018-06-27,2019-06-03,11365.351615591102
CK0281233,BS009625,2018-06-30,2019-04-23,10020.480330585326
CK0683746,BS009625,2018-07-21,2019-06-23,12422.140456411653
CK0316463,BS009625,2018-07-24,2019-05-18,17343.353164895307
CK0155251,BS009625,2018-08-01,2019-06-26,8065.513843660237
CK0837763,BS009625,2018-08-18,2019-06-02,11296.1459490351
CK0156606,BS009625,2018-08-19,2019-07-26,12933.706965065076
CK0565076,BS009625,2018-08-21,2019-07-14,8328.880161160103
CK0982302,BS009625,2018-08-26,2019-07-07,10960.620296915797
CK0827392,BS009625,2018-08-27,2019-07-17,14279.268603150365
CK0910392,BS009625,2018-09-10,2019-08-06,12414.097151910504
CK0370606,BS009625,2018-09-12,2019-08-21,11116.284461503094
CK0818157,BS009625,2018-10-27,2019-08-13,13516.001751925
CK0277319,BS009625,2018-12-03,2019-10-18,14639.769931987139
CK0958777,BS009625,2018-12-11,2019-10-17,12299.38094857073
CK0377769,BS009625,2018-12-20,2019-11-11,14252.650014571247
CK0249084,BS008784,2018-01-15,2019-01-03,12216.026681007002
CK0147008,BS008784,2018-01-16,2018-12-27,10074.474605575264
CK0283495,BS008784,2018-01-23,2018-12-01,10513.954762201693
CK0329752,BS008784,2018-02-07,2018-11-26,8143.174104121292
CK0501274,BS008784,2018-02-26,2019-01-20,7887.055946820861
CK0999358,BS008784,2018-03-04,2018-12-20,10258.9375973834
CK0479247,BS008784,2018-03-16,2019-02-03,8862.13493382942
CK0568014,BS008784,2018-03-25,2019-02-13,10989.542529215827
CK0615510,BS008784,2018-03-27,2019-02-15,14310.551208678084
CK0150905,BS008784,2018-04-02,2019-02-03,12013.079868100289
CK0747039,BS008784,2018-04-03,2019-02-06,12712.389364286499
CK0214207,BS008784,2018-04-05,2019-02-09,10356.631912338764
CK0733799,BS008784,2018-04-13,2019-03-29,9715.714129498085
CK0997574,BS008784,2018-04-27,2019-02-17,8751.752051180401
CK0109656,BS008784,2018-04-28,2019-02-12,9181.09607041095
CK0640745,BS008784,2018-05-02,2019-02-26,13041.90106659019
CK0292745,BS008784,2018-05-08,2019-04-22,12035.452912983195
CK0183995,BS008784,2018-05-10,2019-03-11,7103.417547931824
CK0927389,BS008784,2018-05-15,2019-04-13,7780.3402342196
CK0783175,BS008784,2018-05-29,2019-04-19,11219.122855164953
CK0126575,BS008784,2018-06-15,2019-04-25,16355.673816670944
CK0814198,BS008784,2018-07-08,2019-05-28,5178.804637931449
CK0960055,BS008784,2018-07-22,2019-05-11,12452.999834522898
CK0400855,BS008784,2018-07-24,2019-06-29,7672.77657722333
CK0209466,BS008784,2018-08-17,2019-06-22,10062.460243824487
CK0570619,BS008784,2018-09-01,2019-07-21,7049.756696542787
CK0120516,BS008784,2018-09-03,2019-07-11,11852.587068651826
CK0061168,BS008784,2018-09-04,2019-08-24,10114.473716207278
CK0874842,BS008784,2018-09-09,2019-08-02,12580.136816603572
CK0081466,BS008784,2018-09-12,2019-07-30,9560.043492831937
CK0779831,BS008784,2018-09-13,2019-07-19,12690.924660026227
CK0473401,BS008784,2018-09-16,2019-08-19,6926.7823266742525
CK0733572,BS008784,2018-10-02,2019-08-21,10377.22320954891
CK0798616,BS008784,2018-10-14,2019-08-11,10528.55593022302
CK0790226,BS008784,2018-10-18,2019-09-14,10742.36497278322
CK0775018,BS008784,2018-11-01,2019-09-24,7353.643017930584
CK0651696,BS008784,2018-11-12,2019-10-01,11842.888512006233
CK0504407,BS008784,2018-11-15,2019-09-27,7620.39931846696
CK0119673,BS008784,2018-11-18,2019-10-15,7326.367122022508
CK0018156,BS008784,2018-12-05,2019-10-03,13395.659367424641
CK0795265,BS008784,2018-12-09,2019-11-11,8607.790950261919
CK0380580,BS008784,2018-12-15,2019-11-03,11548.393519406312
CK0166998,BS008784,2018-12-22,2019-10-11,11151.731835739654
CK0227227,BS008784,2018-12-28,2019-10-20,12864.881422089114
CK0657295,BS008784,2018-12-30,2019-10-14,9391.6380881112509
CK0014480,BS008688,2018-01-03,2018-12-06,11939.703336912346
CK0364780,BS008688,2018-01-08,2018-10-29,10298.909473789765
CK0858578,BS008688,2018-01-13,2018-10-30,8108.673199997906
CK0883190,BS008688,2018-01-19,2018-12-01,11827.777464146682
CK0101102,BS008688,2018-01-28,2018-11-23,10501.3198040118
CK0097630,BS008688,2018-02-06,2018-12-19,8734.379148220394
CK0747505,BS008688,2018-02-20,2019-02-18,7817.990903212927
CK0390403,BS008688,2018-02-22,2019-01-04,9644.621996518892
CK0403435,BS008688,2018-03-07,2019-02-07,11791.359727400553
CK0501709,BS008688,2018-03-09,2019-02-09,8050.598256413934
CK0356682,BS008688,2018-03-19,2019-01-25,10679.585804753004
CK0019311,BS008688,2018-03-25,2019-03-26,5273.585687951669
CK0875050,BS008688,2018-03-28,2019-02-27,10137.83355671089
CK0103220,BS008688,2018-03-29,2019-03-05,9165.977200691506
CK0729023,BS008688,2018-04-05,2019-02-07,9328.960802753985
CK0631202,BS008688,2018-04-13,2019-02-21,8684.930337641927
CK0361303,BS008688,2018-05-17,2019-04-22,0
CK0661421,BS008688,2018-05-18,2019-04-19,7935.65431007513
CK0497000,BS008688,2018-05-22,2019-04-07,11713.33878419501
CK0387306,BS008688,2018-05-23,2019-04-14,15218.528176667653
CK0134399,BS008688,2018-05-27,2019-04-08,7425.961240327002
CK0695290,BS008688,2018-05-28,2019-04-25,11632.278125539884
CK0580201,BS008688,2018-06-03,2019-03-27,10136.705950838812
CK0403196,BS008688,2018-06-04,2019-04-06,12183.135043306236
CK0532379,BS008688,2018-06-08,2019-05-09,12252.321048564034
CK0326286,BS008688,2018-06-10,2019-05-03,12199.139638605555
CK0261504,BS008688,2018-06-12,2019-04-04,12059.497308247446
CK0138119,BS008688,2018-07-14,2019-06-13,15569.901411445277
CK0450410,BS008688,2018-07-15,2019-07-09,10578.888506411451
CK0448800,BS008688,2018-08-11,2019-07-22,9470.611260934862
CK0881237,BS008688,2018-08-29,2019-08-11,0
CK0300675,BS008688,2018-09-22,2019-08-17,13037.879021054363
CK0839966,BS008688,2018-10-20,2019-09-06,9316.127214232956
CK0133453,BS008688,2018-10-26,2019-09-09,7785.35276109879
CK0253378,BS008688,2018-10-30,2019-09-10,14320.211527421408
CK0427779,BS008688,2018-11-07,2019-08-13,10437.059545370897
CK0475173,BS008688,2018-11-11,2019-09-18,16064.639187415974
CK0657503,BS008688,2018-11-24,2019-10-08,8983.466271197616
CK0372763,BS008688,2018-11-29,2019-09-26,13597.357915349097
CK0683591,BS008688,2018-11-30,2019-10-10,9790.127713408134
CK0734152,BS008688,2018-12-04,2019-10-31,9151.018426683091
CK0815429,BS008688,2018-12-05,2019-10-29,12115.525447613061
CK0458533,BS008688,2018-12-24,2019-11-02,9009.83364294063
CK0380763,BS006686,2018-01-14,2018-11-07,13230.408091244546
CK0051941,BS006686,2018-01-27,2018-12-11,7750.80529722955
CK0569525,BS006686,2018-02-08,2018-11-25,7926.910142772828
CK0897605,BS006686,2018-02-20,2019-01-03,7434.572043909772
CK0261976,BS006686,2018-02-23,2019-02-01,7536.920029376268
CK0856988,BS006686,2018-02-25,2019-01-16,8288.028556508416
CK0735264,BS006686,2018-02-25,2019-01-04,13831.537510046292
CK0037428,BS006686,2018-03-16,2019-01-25,8937.749935399599
CK0267003,BS006686,2018-03-24,2019-01-31,6536.1000425596885
CK0334737,BS006686,2018-03-25,2019-03-01,10667.648966627026
CK0518391,BS006686,2018-04-16,2019-03-20,11220.660324549981
CK0200431,BS006686,2018-04-25,2019-02-13,13604.51439019264
CK0959055,BS006686,2018-04-29,2019-04-09,5225.475707607358
CK0296448,BS006686,2018-05-06,2019-04-02,8099.627799946773
CK0478154,BS006686,2018-06-08,2019-04-16,14195.842517500529
CK0276288,BS006686,2018-06-10,2019-04-19,8939.543599412185
CK0537606,BS006686,2018-06-19,2019-04-11,8878.932337654103
CK0271256,BS006686,2018-06-25,2019-05-16,9401.946447620292
CK0096946,BS006686,2018-07-04,2019-05-17,7661.8776267092935
CK0109999,BS006686,2018-07-28,2019-06-03,11763.637526764109
CK0216955,BS006686,2018-08-10,2019-06-08,8383.246954165092
CK0068037,BS006686,2018-08-27,2019-07-16,8738.113063841976
CK0812599,BS006686,2018-09-23,2019-09-15,13208.26955990114
CK0131415,BS006686,2018-09-29,2019-07-19,9608.969453717009
CK0048434,BS006686,2018-10-18,2019-09-24,13346.05297389334
CK0448555,BS006686,2018-10-19,2019-08-07,6467.241042203481
CK0817049,BS006686,2018-11-08,2019-09-22,11403.134734575515
CK0403289,BS006686,2018-11-08,2019-09-18,8847.79542660327
CK0574442,BS006686,2018-11-19,2019-10-15,8020.05789351798
CK0310480,BS006686,2018-11-28,2019-10-03,9310.912570461032
CK0400480,BS006686,2018-12-04,2019-11-11,5581.556872081533
CK0041528,BS006686,2018-12-08,2019-11-18,0
CK0051171,BS006686,2018-12-09,2019-09-23,0
CK0076899,BS006686,2018-12-13,2019-10-06,12261.854195517508
CK0059420,BS006686,2018-12-17,2019-11-07,9996.65346388227
CK0672685,BS006686,2018-12-20,2019-10-13,12231.547036355216
CK0496844,BS006686,2018-12-23,2019-11-19,9958.184361849255
CK0556441,BS006686,2018-12-30,2019-11-15,12262.687641643193
CK0684654,BS006686,2019-01-01,2019-10-27,0
CK0369387,BS003938,2018-01-02,2018-11-13,11049.74428089004
CK0646797,BS003938,2018-01-05,2018-11-23,8414.730962971214
CK0070799,BS003938,2018-01-20,2018-12-12,5665.598744942947
CK0339727,BS003938,2018-01-23,2018-12-14,7896.227526092875
CK0411510,BS003938,2018-01-24,2018-11-02,6290.815096086051
CK0898580,BS003938,2018-01-31,2018-12-13,9865.489974542286
CK0156859,BS003938,2018-02-19,2019-01-22,5422.6843602902545
CK0671217,BS003938,2018-02-21,2018-12-10,10609.534051352128
CK0183928,BS003938,2018-02-27,2019-01-28,10826.759622807635
CK0085724,BS003938,2018-03-07,2019-01-23,11165.016230198746
CK0614300,BS003938,2018-04-13,2019-03-18,9241.681352642672
CK0761035,BS003938,2018-04-24,2019-03-03,9991.242939155658
CK0036394,BS003938,2018-05-02,2019-03-18,9741.251263064454
CK0387408,BS003938,2018-05-22,2019-03-12,12752.09581863913
CK0115342,BS003938,2018-05-22,2019-04-18,7521.606511263319
CK0113740,BS003938,2018-05-25,2019-03-22,10406.745295065763
CK0204857,BS003938,2018-05-25,2019-04-12,6422.189089576313
CK0818760,BS003938,2018-06-11,2019-05-11,10044.531200662566
CK0162158,BS003938,2018-06-17,2019-04-08,0
CK0694732,BS003938,2018-06-21,2019-05-13,10982.335767541754
CK0541445,BS003938,2018-06-29,2019-06-04,9212.238735239986
CK0458946,BS003938,2018-07-05,2019-04-25,5958.061836443834
CK0027768,BS003938,2018-07-05,2019-06-10,7127.648733092382
CK0365977,BS003938,2018-07-06,2019-06-06,10152.969673022697
CK0075021,BS003938,2018-07-22,2019-05-10,9301.838241069265
CK0462860,BS003938,2018-07-25,2019-07-02,10637.925124604191
CK0662292,BS003938,2018-08-09,2019-06-24,9794.15237530996
CK0700952,BS003938,2018-08-22,2019-07-29,10877.030879205317
CK0312866,BS003938,2018-08-29,2019-06-27,10303.91979615726
CK0044623,BS003938,2018-09-02,2019-07-09,9766.437699182607
CK0223328,BS003938,2018-09-13,2019-08-21,7192.423342339172
CK0730340,BS003938,2018-09-25,2019-08-12,8423.754050662996
CK0062079,BS003938,2018-09-26,2019-09-18,6725.040539464272
CK0824403,BS003938,2018-10-09,2019-08-03,10481.39264243735
CK0787163,BS003938,2018-10-16,2019-08-10,12913.10347386445
CK0072166,BS003938,2018-10-17,2019-09-10,11955.369849600535
CK0142657,BS003938,2018-11-01,2019-09-06,5269.26075306639
CK0004200,BS003938,2018-11-09,2019-10-07,11043.821757416365
CK0943016,BS003938,2018-11-18,2019-09-28,11637.632999545174
CK0081663,BS003938,2018-11-24,2019-09-29,5431.751799823724
CK0149794,BS003938,2018-11-24,2019-08-19,11545.75398962335
CK0067243,BS003938,2018-12-23,2019-10-13,9990.77685077173
CK0774509,BS003938,2019-01-01,2019-11-04,9447.248705171505
CK0877211,BS000241,2018-01-02,2018-10-25,11320.669173892944
CK0382734,BS000241,2018-01-08,2018-12-13,11204.554151914615
CK0728916,BS000241,2018-01-09,2018-12-16,10273.888790298806
CK0886484,BS000241,2018-01-22,2018-12-17,8496.615459712495
CK0000363,BS000241,2018-01-27,2019-01-13,13572.935899461041
CK0878759,BS000241,2018-02-10,2019-01-19,12548.374485184133
CK0515220,BS000241,2018-02-12,2018-12-31,11616.562569600184
CK0304201,BS000241,2018-02-14,2019-01-02,8706.64507354362
CK0650135,BS000241,2018-02-14,2018-12-31,9131.022976282757
CK0365316,BS000241,2018-03-15,2019-02-27,5856.718668891984
CK0312137,BS000241,2018-04-12,2019-03-22,11479.917613180036
CK0842510,BS000241,2018-04-24,2019-03-04,7989.948777330312
CK0501305,BS000241,2018-04-29,2019-03-23,11211.748379176543
CK0941603,BS000241,2018-05-07,2019-05-04,9666.664922019007
CK0748477,BS000241,2018-05-10,2019-04-10,10776.627235381926
CK0052577,BS000241,2018-05-15,2019-04-24,9429.772570093563
CK0266463,BS000241,2018-05-15,2019-04-09,6536.698299809371
CK0568946,BS000241,2018-06-24,2019-05-18,12270.103449836215
CK0300237,BS000241,2018-06-25,2019-06-01,12145.72750134104
CK0581410,BS000241,2018-07-13,2019-06-09,6219.7844278583325
CK0912416,BS000241,2018-08-08,2019-07-16,11625.419365966864
CK0165252,BS000241,2018-08-08,2019-06-26,11037.851722415911
CK0849962,BS000241,2018-08-13,2019-06-14,6350.320040756739
CK0231499,BS000241,2018-08-17,2019-06-17,12049.888026028135
CK0387750,BS000241,2018-09-01,2019-07-21,9088.264958483433
CK0363790,BS000241,2018-09-05,2019-08-20,8108.347404318466
CK0660939,BS000241,2018-09-06,2019-06-30,8900.791234481387
CK0064053,BS000241,2018-09-18,2019-07-07,8003.020900229298
CK0851243,BS000241,2018-10-03,2019-09-03,12535.863492014327
CK0036439,BS000241,2018-10-18,2019-08-25,11486.631709790874
CK0351590,BS000241,2018-11-14,2019-10-16,14927.104650031275
CK0826548,BS000241,2018-11-22,2019-10-26,10993.561895194542
CK0851086,BS000241,2018-11-25,2019-10-21,11184.56275137471
CK0176444,BS000241,2018-12-06,2019-12-08,11062.602281084242
CK0154261,BS000241,2018-12-06,2019-10-28,7341.146223961767
CK0336208,BS000241,2018-12-10,2019-11-03,12747.816015635963
CK0667099,BS000241,2018-12-27,2019-11-16,10094.095927186894
